,feat1,feat2,Class
0,1.1261068821962334,-0.3631689036554985,0
1,0.3804267088753661,0.38154514979025533,1
2,-0.09570905460421603,-0.3502348355666711,1
3,1.1820313425772742,0.04628571180775509,0
4,-0.6570455558240903,1.106598235541918,0
5,-0.4802962218121346,0.009796427337137661,0
6,0.6573793413144406,0.12757653173257205,1
7,0.5443059095133573,-0.10084322463415682,1
8,-0.8914482241201991,-1.3813991650541553,0
9,-0.3361458010063365,-0.040505248237158425,1
10,-0.13276132383952172,0.10529732341008768,1
11,0.5498636400913535,-0.19766753880071153,0
12,-0.16022950132690084,0.12356139650903665,1
13,0.19803775472823576,0.4548455239367819,1
14,0.525083074870869,0.7970328443889155,1
15,-0.6503075218341934,-0.5398166810188374,0
16,0.692188666795315,-0.6127032772606611,1
17,-1.7539413072627903,-0.13791261410564487,0
18,0.28921255845683025,-0.24341448572424437,1
19,-1.0322777979771722,-0.5847270211673076,0
20,0.44431457507330757,-0.500348271767233,0
21,0.05956124226994124,-0.2823840209066273,1
22,1.1797356496648008,0.11043400227727548,0
23,-0.3622105737393334,0.034969432655368726,1
24,0.10255757914239111,-0.13887664934533153,1
25,-0.6702638037056348,-0.5183898136963071,0
26,0.28124227554006853,0.18569258485306067,1
27,0.8524025459835681,-0.5088626245086416,0
28,-0.656333159771348,0.07018520772337258,0
29,0.031231271539389704,0.3727405089268615,1
30,-1.1138147455362195,0.06942842957469175,0
31,-0.6197957742163542,1.135079967070822,0
32,-0.8638217165635517,1.127779014477976,0
33,-0.5529102104997404,1.1326771824528556,0
34,0.2820854432284311,1.0709207279839892,0
35,-0.3033006426538645,0.25472931170805446,1
36,1.065550001163003,-0.34330721611475046,0
37,0.39227388737956714,0.580436166984182,1
38,0.23244882637178577,-0.012062726627663639,1
39,-0.07155770090091326,-0.4457562657143661,1
40,0.772334568324961,-0.35693183241603305,0
41,0.29692761437915544,0.12437238602362102,1
42,-0.4640122248636839,-0.22442959707565907,1
43,-0.6342494869028811,-0.7408611987253212,0
44,-0.44366108957492434,0.8732364198048603,0
45,0.5180762473016964,-0.4600025139451505,1
46,0.44675021793072933,-0.7204093648151482,0
47,-0.3128195624089679,-0.3651181024845819,1
48,-0.0005714771331035151,0.19209493155762547,1
49,0.18970311338405116,0.02473845578988143,1
50,0.017270274508482508,0.40536614793828724,1
51,0.13423155161627284,0.042615046795640266,1
52,0.19365256723435184,-0.37030990913101236,1
53,-0.11859648503054698,0.058053674206057226,1
54,0.012066409974097414,-0.61976942033358,0
55,-0.38751522438268593,-0.09684565757278885,0
56,-0.13554691068650146,0.16474842610576368,1
57,-0.7708548601845411,0.8637709233962555,0
58,0.36866980029346874,0.1321282522614535,1
59,1.1844787774070695,0.34579590882043365,0
60,0.2064088286862079,-0.30256236880482995,0
61,-0.022458811122908914,-0.6490656587492498,0
62,0.25082591617356176,-0.2800823210001351,1
63,-0.007856711773814168,0.009023858734370727,1
64,-1.475610887310224,0.2855718165577806,0
65,-0.43857611951959213,0.06334944557946864,1
66,-0.45991863791672394,-0.6207972834928817,0
67,-0.0481074695983785,-1.500124261610691,0
68,0.4018130982581868,-0.12310329647056241,1
69,-0.5941153390337266,0.36308910384432813,1
70,-0.9096196197731092,-0.20940403678987776,0
71,0.698851309157911,0.09599627230413255,0
72,-0.17429718620316895,-0.2318745984571045,1
73,-0.29110922200711675,0.6777482754216744,1
74,0.028984904770076786,0.028709977825335048,1
75,-0.20953152945154263,-0.03975542404422085,1
76,0.6515671452522553,0.9890202837599331,0
77,1.047135644783723,0.7506801142372403,0
78,0.40338021824693004,-0.07892511037655137,1
79,-0.7535676041257704,0.06456836171742823,0
80,0.1721290019481981,0.5185246219196377,1
81,0.43036496980884575,-0.5542307568528178,0
82,-0.06565671045465278,0.13230144418185955,1
83,-0.5309219361437241,0.3539252087813257,1
84,0.1071466566655464,-1.4065684069396518,0
85,1.029540956255268,-0.2394526801240192,0
86,-0.425311757246634,-0.015768415461354282,1
87,-0.4698092246302556,-0.1850087581361568,1
88,-0.09008684541157722,0.11033947860556093,1
89,0.4340462836625436,1.6435184362621138,0
90,-0.04695973631540255,-0.4269772359740006,1
91,0.6004263993886402,-0.7820046498800175,0
92,-0.24216822994660678,0.46477442080679554,1
93,0.9279894632204638,-0.7475646337300355,0
94,0.9096408745295872,0.6780297201137211,0
95,-0.20094722151735178,-1.4194637209556218,0
96,-0.5657919031944515,0.14395651343316207,1
97,-0.49031254017961995,-0.34814959455884625,1
98,-0.6895567831618032,0.1299260049476415,0
99,-0.5494358398792291,0.18211967752616404,1
100,-0.6314967148627764,-0.9288551148762307,0
101,-0.9314979526647763,-0.9314592720829287,0
102,0.020038967727383547,-1.7176439913903987,0
103,1.4530817270099008,-0.6502454503972782,0
104,-0.14114970540791613,0.6947704154952079,1
105,1.2939870349267724,0.015092833260553384,0
106,-0.3555099098480937,-1.2121610980755548,0
107,-0.2873471799213361,0.668424365658425,1
108,0.3334956974449845,-0.2449355499943629,1
109,-0.3257897389728348,0.3191060628938112,1
110,-0.3581988776953625,0.041867576027525,1
111,-0.4791796298594062,-0.16276274603489055,1
112,0.34907805939806114,0.23647143077240468,1
113,0.4588220842450937,1.209175901653318,0
114,-0.17068312682352998,-0.20998328706208041,1
115,-0.09986901814066933,0.06587925761072858,1
116,0.5471433025611214,0.21155067707130165,0
117,0.0029720707185182382,0.3669114093737466,1
118,0.12279320262064662,-0.5956340419944511,1
119,0.29568384414153137,-1.1180230925901244,0
120,-0.06972347949815541,-0.426010984841112,0
121,0.19607651708395846,0.7510560354034045,0
122,-0.644000415157792,0.3916711469408537,0
123,-0.2869998010288969,0.9145166935694685,0
124,0.18037319814465624,0.4408605858420184,1
125,0.06220550773767497,0.11218612095842702,1
126,-0.2711450701485321,-0.3249489258627991,1
127,-0.9646015759240111,0.9254797080446088,0
128,-0.3751554300975542,0.6811888225105189,0
129,-0.9271473475398838,-0.37325135414548166,0
130,-0.5126674188929905,-0.3781804127601476,0
131,0.09132897911840238,0.09924841902464639,1
132,0.43852020089687344,0.8563257684391811,0
133,-0.1594914958590688,0.23899887033052714,1
134,-0.6725705944305357,-0.8288855870585464,0
135,0.19533073989851238,-0.1784445645860963,1
136,0.3913804548894533,0.8463598221170268,0
137,-0.24713485721642298,-0.12021937302732588,0
138,-0.164175305117701,0.315883683837753,1
139,0.013282576051722839,0.07110321115050208,1
140,1.2807554972183084,-0.12497109176611651,0
141,-0.28003601245298737,0.06722958867184477,1
142,0.6798803646304548,0.33133466641041415,0
143,0.8081428762656965,-0.5385932659441433,0
144,0.33112605657063293,-0.005947041520860008,1
145,-0.5987063025109716,-0.4892391451464528,1
146,-0.22528614497350824,1.235703335522254,0
147,-0.22396198897608924,0.3601773368156195,0
148,-0.4500156599478411,1.040588345821024,0
149,-0.7778073053957351,-0.20965523421954257,0
150,-0.20969575480435576,0.06625944884394154,1
151,0.6351245431650911,0.20732022169723902,1
152,0.42859085041713063,0.8400695193183425,1
153,0.015828393463025225,0.06221961577148859,1
154,0.5193724926513337,0.07902456717904766,1
155,0.4413257823681457,0.550480843963435,1
156,0.11455514633682318,-0.989578840479837,0
157,-0.6185940368920648,0.3195925633651969,0
158,-0.06819750574851496,-0.11267239236507506,1
159,0.032409736671341734,-0.6247042243400492,1
160,-0.013827648727069264,0.009634296844222998,1
161,0.2774216433214667,-0.05123180619437298,1
162,0.17115571885228784,0.5389228518959011,1
163,-0.480002001503387,0.49171032835820094,0
164,-0.3735319936182643,0.18563421064670727,1
165,1.3669024736754163,-0.05263174473844239,0
166,0.45210674703324416,0.48714215420385915,0
167,0.33917558567509953,-0.1419049485951443,1
168,-0.2635478548433019,-0.23057855982889638,1
169,-0.28751128984429336,-0.0036184767011568086,1
170,-0.0389733670989834,0.27158462238340536,1
171,0.41714822338136526,0.3768411124716208,0
172,-0.16067392403906727,0.3618364041775495,1
173,0.7164639028814972,-0.891574635003259,0
174,0.05493358719268637,-0.2993949466642343,1
175,0.18997186883321363,-0.21257549948059928,1
176,-0.23334706328635949,-0.4471366768138178,1
177,0.9316814661464047,-0.5394801894031067,0
178,-0.45471791926373084,-0.47783305833734857,1
179,-0.4463604882928338,-0.409523813386917,1
180,1.017847775360629,-0.30422863134585254,0
181,0.6697527554549487,-0.6099179400963045,0
182,0.44770737592661336,-0.5813105598995407,0
183,-0.1318391578643257,-0.07364524864413233,1
184,0.8040834838158581,-0.01924706770452217,0
185,-0.3040270545686413,-0.5062783402204148,1
186,-0.004104247646075435,-0.522622090984687,0
187,-0.7509008599207226,0.8395592168422835,0
188,0.3904397404137115,0.42901256337079835,1
189,-0.06777275199023602,-0.16950643839904012,0
190,0.6356119971713146,0.447979352916794,1
191,0.16689410434487706,0.002903071311293956,1
192,0.2720373425981151,0.21212299615715569,1
193,0.1887103047112162,-0.6637803729659523,0
194,0.6878783105444476,0.6400137359631304,1
195,0.05696949302354681,0.32715015021107696,1
196,-0.8303415658658468,0.2863585859479826,0
197,0.09319776922572309,0.25564452701387574,1
198,-0.23293367632387985,-0.023680401803399198,1
199,1.0038173830938295,-0.44000818967822086,0
200,-0.046696991720375794,0.32603250671618045,1
201,-0.6936658524859635,0.6144344910099584,0
202,-0.17237740066022456,0.28066162092067426,1
203,-0.26026603439034945,-0.6595423019586765,0
204,0.20404674737422013,0.7402733566450915,0
205,-0.5193356508535447,0.48142958982628703,1
206,-0.16114968196542806,-0.686154701883579,0
207,0.7226179469918654,-0.2988511044884336,0
208,-0.5864868639447296,-0.12747950018661597,1
209,0.5119420162470409,-0.015908779742788086,0
210,0.49425190303690036,-0.4752384827015105,0
211,-0.019599180751719708,-0.017078411265625343,1
212,-0.20430745186400945,-0.024604614683896298,1
213,-0.2846041110425537,-0.17645676267363966,1
214,-0.5051723169480615,0.3980138429476928,1
215,-0.9600175106777018,0.11583158115223927,0
216,0.24411906626797625,0.7154143736724412,0
217,0.3454629081416396,-0.09626721566903856,1
218,0.3227915300213249,0.13211902975838496,0
219,0.49245412961277346,-0.014370385664493224,1
220,-0.6127572261752943,-1.355965484504862,0
221,-0.360956870886814,0.4666959127484609,0
222,-0.7857438906937642,0.6807991276848441,0
223,-0.9217487147381258,0.8583963183043186,0
224,0.6859832381913878,0.19409971502845588,1
225,-0.6239228887283705,-1.0403536635748474,0
226,-0.3203780199101005,-0.33134803902362187,1
227,0.7331117769252696,-0.0464549726161102,1
228,-0.49274006575164064,-0.11303134731856487,0
229,-1.1733283679281845,-0.5670521737174746,0
230,0.8111809438020527,-0.13640749647172298,1
231,-0.10881388460108389,-0.3419403923567899,1
232,0.5993585680281387,-0.7693133098092881,0
233,-0.12455585113824774,-1.040322695796586,0
234,0.4243636382525414,0.5727242100926961,0
235,-0.5493876074373408,-0.32174762904753423,0
236,0.3996152668965497,0.6206593280318298,0
237,0.12875647514953623,-0.009718727166809465,1
238,-0.15740012704699624,0.17276596834160338,1
239,0.8236595150850463,-0.11966276142386734,0
240,0.6952176913585217,-0.6019618340397912,0
241,0.30696382374651443,1.042987929090498,0
242,0.055923567620913855,0.2299265906556725,1
243,1.0587373414987082,0.43528509680180766,0
244,0.13872871028149825,1.299800567992275,0
245,-0.2100671846349034,0.0916553114162258,1
246,-0.5852668594917105,0.31547093481448796,1
247,-0.2635156801068511,-0.39261576136395443,1
248,-0.9101594844485198,0.3987240916038308,0
249,-0.3757344901320252,-0.6017888682694842,0
250,0.09554499071569986,-0.4757496050157331,1
251,-0.9087735280534024,1.1554483056019345,0
252,0.5018941785322567,1.1903834317737172,0
253,-0.7987599384669646,-0.04033884319451247,0
254,-0.19417482577289702,0.16400802479127774,1
255,-0.19249831099097134,-1.3555528901677767,0
256,-0.6852992671028383,1.1756912413560958,0
257,0.3810120235494515,0.6162584549925045,1
258,0.2847207955237666,0.6072856063900077,1
259,0.8216373185653574,-0.7353571224538749,0
260,-0.35906131970989685,0.7031795084579094,0
261,-1.2385060703686688,0.0029282065375498822,0
262,-0.3312340816274955,-0.33708298555410754,1
263,0.10663267230560401,0.3206093197686791,1
264,-0.017507914107496164,-0.03974118576948804,1
265,0.6631300016412616,-0.1117543150564222,0
266,0.09142040212423853,-0.010820021947159746,1
267,-0.34519279222031574,-0.8820230425918896,0
268,-0.42497780107101646,-0.22968465294312912,0
269,0.8446113400314768,-0.14853589211588092,0
270,-0.321657817804477,-0.49791444073096136,1
271,0.6004185148588732,0.9903297963581037,0
272,-0.3882566960444928,-0.036279336276385604,1
273,0.3221075968850071,-0.2522863078355825,1
274,1.1585191445837657,-0.45886424286913563,0
275,-0.43822965622579513,-0.5497167013966242,1
276,0.8132926896272124,0.19233465706687586,0
277,-0.327467831167654,0.05722197468436986,1
278,0.06271271127847511,-0.1819820512714842,1
279,-0.38620634457313335,-0.22091738880627892,1
280,-0.16945730963986222,-0.2004807993660329,1
281,-1.4612590079985353,0.014101356060046977,0
282,0.8831879015885336,0.5201142854414338,0
283,-0.6494981839939108,-1.1332455360451985,0
284,0.3203137871693848,0.6025035370751892,0
285,0.45770855471176713,-0.2651065516586897,1
286,0.5492790064582038,-1.0415584675162068,0
287,-0.5071316785148625,0.30398792566154026,0
288,0.6171769838882661,-0.6781535154808415,0
289,-0.33543596207287074,0.2809048229036413,1
290,0.0168173710118127,-0.4870877427481467,1
291,1.3847147439234857,0.485585313999372,0
292,-0.9836280735861971,0.17591074236783003,0
293,0.0020458658353975645,-0.550531398402387,1
294,0.8433943073540799,-0.17856727824205482,0
295,0.3875005903479698,-0.07761889675202559,1
296,0.2426858729620981,-0.2550001171899958,1
297,0.10296420652244559,-0.39812168395841996,1
298,-0.12722300514169615,0.07678650779007602,1
299,0.2727936655230756,0.02878462433714596,1
300,1.1068887204921607,0.45588303144554254,0
301,-0.312969478572134,-0.4288776302909994,1
302,0.29626824607617164,-0.16966747135335652,1
303,-1.2244153652904093,-0.6111211069628171,0
304,1.4879405690590097,0.7723676999159443,0
305,0.3134007623719174,0.7691184795887926,1
306,0.2971487201450695,0.6189998186648049,0
307,0.6068995992954626,1.0350816953857263,0
308,-0.4823483743699707,0.3496047478243949,1
309,-0.01208926423394166,-0.25345977413657694,1
310,0.02440330966250795,0.23657859042283938,1
311,-0.294135598890414,0.20764504402122788,1
312,1.673377772710582,0.8732255998455769,0
313,0.19075655837030325,-0.30722207555330155,1
314,-0.4999738728691902,-0.6161850214818233,0
315,-1.2858619791862587,-0.01687407230064769,0
316,-0.21286184285794602,-0.30308631047728835,1
317,-0.46908663757906294,1.3887072788798671,0
318,-0.4308864386930402,0.9189032803077049,0
319,0.1192552721382526,-0.6433654400518353,1
320,-0.841923056333042,0.1274962609220823,0
321,0.4509735451907114,-0.03411519677799374,1
322,-0.08762302909903981,0.6039799649030024,1
323,0.09667148224937588,-0.8113724129244326,0
324,-0.2842053931040198,-0.14141860909661882,1
325,-0.7513175940015209,-0.008195772112845862,1
326,0.36865411234236484,-0.0016114776352627418,1
327,-0.10241563925118552,-0.2563960738696675,1
328,-0.01661039387310414,-0.5496510353390675,1
329,-0.7957367988842541,-0.8172778676073025,0
330,0.02179755925135224,0.05936956095011006,1
331,-0.0010333630578100023,-0.14391379220330347,1
332,0.05720501945938973,-0.4366038020854309,1
333,-0.944442269974789,-0.6983183780463063,0
334,0.3445352500508203,1.0306511974981747,0
335,-0.0899909217452256,-0.004065188143580034,1
336,0.5473165346451183,-0.6679549486774976,0
337,0.16000653357862613,1.0680774854953647,0
338,0.0978023180247391,0.9375611580899262,0
339,-0.24341843913580705,0.30622698074296295,1
340,0.0823029171106272,-1.1196135564542546,0
341,0.9487483590953654,-0.610499311348632,0
342,0.025959721092159934,-0.4258639661263771,1
343,0.1905501953954724,0.6403369363444619,1
344,0.4707024113615922,0.18150320273151527,1
345,-1.0260552654785982,0.329475196974815,0
346,0.2692702510273147,1.1288088955265803,0
347,0.9736368952890064,-0.9452719294927089,0
348,-0.29599293440545504,1.1003091943600423,0
349,-1.2798921855105796,-0.028683966031062103,0
350,0.2493701139521753,0.6902651002562747,0
351,-0.9900956708314474,-0.38912701614678646,0
352,-0.5077093875456165,-0.1274771132374895,1
353,-1.4176691075488066,-0.5720440121097462,0
354,0.41199382405384405,-0.25477572621626754,1
355,0.1011534763486927,0.6511948856613516,0
356,-0.23801364566031222,0.43140007449621914,1
357,-1.1793980558778079,-0.45360492331541474,0
358,-0.2844922160148041,0.15367682861295112,1
359,-1.0013169934026138,0.8707826605104865,0
360,-0.40360198428158056,0.20820128050352027,1
361,-0.9862355515066383,0.7004176083303439,0
362,0.6495518230419972,0.5754827527196115,0
363,0.3569873508218614,-0.3570020562426567,1
364,-0.023168726800999684,0.29197499194745724,1
365,-0.21356853859569835,-0.1114384444234772,1
366,0.9590347734223956,0.7493143461739289,0
367,-0.5298735830458523,0.03605319030584281,1
368,0.23391449984818358,0.06721349280254985,1
369,-0.24516058104790234,-0.5274013753656658,1
370,1.1480731425977775,0.25075023205609237,0
371,0.5517245729560407,0.8039768481708284,0
372,0.1356166935074481,-0.16646472731574893,1
373,0.6652735690144067,-0.3670774652637356,0
374,-0.04223668553638789,-0.16957946209272792,1
375,-0.8354097243743112,-1.381835776067967,0
376,-0.8576947948537976,-0.36285926384806555,0
377,-0.3822283688746671,-0.9349447151616178,0
378,-0.5402615698086395,-0.08857816000720603,1
379,0.12402204867817106,-0.0019733102460234436,1
380,0.23226698682671457,0.0513118301371103,1
381,0.6094301827232338,-0.2543986525969848,0
382,0.46111577617137756,-0.009946009329213773,1
383,-0.16665141081558302,0.3483518573100293,1
384,-0.13334231653675677,-0.8812978007750645,0
385,0.3211374902345202,1.0084446103867726,0
386,-0.8742277447297183,0.528566882721709,0
387,0.26905254101033993,-0.4303948468823494,1
388,-0.03687260570741718,-0.2919643919829259,1
389,0.7241278537298856,0.9842269566244175,0
390,1.4641152287134305,0.08991853250228685,0
391,0.11244553376187028,-1.3798608489593125,0
392,-0.2963914713639123,-0.13394740852840237,1
393,0.37809389918244984,0.15205571921105282,1
394,-0.5217612252199543,-0.22283515696938339,1
395,-0.3177129742568734,-1.4388401182941009,0
396,-0.33358186132888323,0.4249681959241425,0
397,0.2198457236724788,0.057221081667746476,1
398,-0.6269870585246022,-0.30358995708518766,0
399,-0.4345023120362548,-0.5129458405462841,0
400,0.7581023781029315,0.7736179447434715,0
401,1.4830424192676221,0.5133361800257176,0
402,-0.29302094093461917,-0.4708518011750122,1
403,0.6779635944446735,0.10789448133238155,1
404,-0.2716143394543196,-1.4496740340033778,0
405,0.25159950247651475,-0.9205975780638669,0
406,0.3770611472695905,-0.1254489626977818,1
407,0.054138963344120945,0.8866297642858888,0
408,-0.6809996614958896,0.26911741443816356,0
409,0.6705013838969146,0.3766410805722004,1
410,0.12640950844764515,0.30349104837400936,1
411,0.4126281914145375,0.754397452563249,0
412,-0.20700131616006093,-0.7613850729259579,1
413,-1.020227566601328,-0.6379758676376968,0
414,0.16226276238657508,0.19508790522439057,1
415,-1.396970081020728,-0.20125699537342218,0
416,1.0569091950194143,-0.5816188801705542,0
417,0.9067883832743283,0.29563195778833234,1
418,0.44654816830541677,0.8568164916147835,0
419,-0.00989236973775287,0.039588188638963545,1
420,-0.293385498697848,0.10306883318680352,1
421,-1.2623744237751406,0.5547575608212262,0
422,-0.6949534567622059,0.7518654515565748,0
423,0.30596912262245246,-0.09901091518000785,1
424,-0.08589306398082988,0.3627497509214719,1
425,0.09535201539771959,-0.09877146730095107,1
426,-0.797911006818827,-0.9868344352737962,0
427,-0.2599348330465094,-0.41675687270563194,1
428,-0.13832172091252057,1.1496943169270903,0
429,-0.2615921329528274,-0.5834246987443119,0
430,-1.1238443575758268,-0.596817614839402,0
431,-0.23838389457147963,-0.7199908408296951,1
432,-0.08388161149912168,-0.1167458353798907,1
433,0.5263139341378965,0.3205526344335912,1
434,0.08440864377178962,-0.3972149641151158,1
435,0.07341226716723914,0.3131393293892838,1
436,0.9841065423121245,-1.3635621845168489,0
437,0.1744127436999435,-0.008131810958931007,1
438,-0.4187936420209748,-0.9652555994022592,0
439,0.3372436128872482,0.08992712243563933,1
440,0.08862357247995112,-0.8215501853116517,0
441,-0.782632232483411,1.077089257483017,0
442,0.009915604164846631,0.2931518176349725,1
443,-0.4663223769311322,-1.2074539425456876,0
444,0.5087028601500722,-0.4351410604186418,0
445,0.0796034711960338,-0.130682519252885,1
446,0.7840586931571072,0.7891512790255617,0
447,-0.1950308437974671,0.830197034604342,0
448,-0.8097334282754468,1.2395598129127872,0
449,-0.9007805556432413,-0.43759896754268923,0
450,0.23426080376898847,0.3735933167370072,1
451,-1.23907425995391,-0.2214672072991425,0
452,-0.12074097677270344,0.08798546013584409,1
453,-0.6968942510801833,0.596825097052001,0
454,-0.7966701845283112,0.3605883309170663,0
455,0.7294369859267273,-0.7510883818310982,0
456,0.18757970615697794,-1.0351769963295177,0
457,-0.30719110871453426,-0.7148396373643663,1
458,1.3789106573017,0.2466158429275897,0
459,0.34515196594883046,1.0981829230305589,0
460,-0.5870445759355395,1.4863584184648089,0
461,-0.46082748291874054,-0.26959542277576615,1
462,0.09738749910458692,-0.1439260284930965,1
463,0.09778239265579106,0.01705742910781638,1
464,0.07023667213835602,0.25299331321242147,1
465,0.11126240037259776,-0.41850612735472725,1
466,-0.7566942814029255,-0.9014151949006121,0
467,-0.2375375903718966,0.19080533709001982,1
468,-0.5969869190944453,0.0005647463672332487,0
469,-0.6823662736498091,-0.9480974295403143,0
470,-0.05647494432296443,-0.1727034251672967,1
471,0.07719034947461242,-1.066147378690608,0
472,0.46287057657310904,0.9893362139693319,0
473,-0.008847661069264129,-0.24705648105354638,1
474,-0.472777047193508,0.38191799881745475,0
475,-0.11411694995741402,0.14981816285936816,1
476,1.0221169314391099,-0.32407915434452084,0
477,-0.6902596066329636,-0.2707775244706946,1
478,-0.5324074674809354,-0.2893196446505968,1
479,-0.07015162686804816,0.05585907765160614,1
480,-1.2551863142903246,-0.27412598293912643,0
481,-0.21674966384120284,-0.662805797244478,1
482,0.23496880670032266,0.8473180513719684,0
483,0.40495581817666065,0.8644280808072629,0
484,0.0452426125525813,-0.155908482979851,1
485,0.25745961815898016,-0.14292477404113466,1
486,-1.2411052390307649,0.2914561527404931,0
487,-0.27480986991203354,-1.2846274738494383,0
488,0.236148595543891,-0.3126026218208484,1
489,-0.385241310997526,-0.24001334994153753,1
490,0.21848382193090804,-0.04246770511669834,1
491,-1.4208215832994866,0.09769259208099976,0
492,-1.214735989831762,0.6328047037580177,0
493,-0.06809392315850812,-0.2029990676278644,1
494,0.8044643242155209,-0.09286292056648815,1
495,1.131982369834739,-0.33486277861419733,0
496,-0.3025676266141937,-0.6484062719256634,1
497,-0.036733978680469896,0.24053838573455438,1
498,0.8827461993128778,0.9097746305119767,0
499,0.36395148350094597,0.11656871616604116,1
500,0.40854294578919315,-0.3605093032283682,1
501,-0.6868330835867205,0.568088404097594,0
502,1.3963743027258975,-0.2698485939393336,0
503,0.991224560641963,0.08370228900413533,0
504,-0.44921054265025784,0.2345178345706409,1
505,0.36371532714919097,-0.06403535931648402,1
506,0.33455905843071865,-0.008879110444333864,1
507,0.1781661019908003,0.5820792656818087,0
508,0.25411706643487925,-0.2496555408235951,1
509,-0.03838047784666737,-1.2312215785271416,0
510,-0.4846867181496506,-0.6846434848417828,0
511,0.31459780462637943,-0.10026903590902042,1
512,0.08093906405754377,0.07130269481616633,1
513,-0.01980930807944853,-0.05384394343116368,1
514,0.42496867416722683,0.6879498094952339,1
515,-0.4173116143818755,0.3095037732576862,1
516,0.6753699410717466,0.19207974848501394,1
517,0.11520214876259863,-0.2988083663147237,1
518,-0.012847343372887371,0.0036117506717554433,1
519,-0.24213328987272814,0.033356466653024386,1
520,1.073194947788643,-0.02877549651535495,0
521,0.6219965050477594,-0.6071755795703957,0
522,-0.6232237057602945,-0.8708610125426045,0
523,0.6771677021985137,-0.5702610143139737,0
524,-0.050076480855659106,0.9943872730473072,0
525,-0.1508722541878284,-0.10170665749237465,1
526,-0.45888203692886376,0.8961398070114102,0
527,1.3773416216965457,-0.21140703128795513,0
528,0.5416551506131634,-0.44696883062169507,1
529,-0.20599797656648308,0.04843974119910077,1
530,-0.22504635735231737,-0.16353977990541754,1
531,0.6279983709743944,0.4543737086547279,0
532,-0.22996708238261276,0.13257213279910196,1
533,1.826494231366804,-0.2706775482942273,0
534,-1.2340417574748557,-0.2714973790498799,0
535,-0.2562008951418475,-1.199020531129526,0
536,-0.8819836784898395,-0.6363685128234776,0
537,0.11419930411395426,0.2207628015383902,1
538,0.12789319000293636,-0.41816104780694846,1
539,-0.03591162981718791,-1.1906117698200114,0
540,-0.11761719424439587,-0.2525790324300183,1
541,-0.600589864599296,0.024345615965624567,1
542,-0.3703048966748006,0.3853763590814676,1
543,0.9382748599528645,-0.4549713964143045,0
544,-1.1140295624082093,0.19312477579594428,0
545,-0.0197824553695449,-0.8859113222163493,0
546,-0.49886342208034307,-0.5320369479141869,0
547,-0.3080372134755657,0.8318765474583036,0
548,0.28078618123554977,-0.08066371039469553,1
549,-1.4231283896667168,0.6895414484755964,0
550,-0.9506300995954897,-1.025370826953099,0
551,0.13927482821409048,0.3112952964007001,1
552,-0.12426844300570511,0.3226517911846294,1
553,-0.5839099077177047,0.16662474186132248,1
554,-0.031343002908241185,0.2337463621197344,1
555,0.21870608770884364,0.6525969640937483,1
556,0.221286850454621,0.0835468867394239,1
557,0.1827118945028508,0.8899053312110853,1
558,-0.06232275919143962,0.3135018969676257,1
559,-0.8406789712252999,-0.23308440428169028,1
560,-0.3530503539420402,-0.12662565860914574,1
561,-0.11267088863739164,0.22724066904274096,1
562,0.2249113537910536,0.46756369712336665,1
563,0.0819763168312028,0.07458334215729744,1
564,0.5534568217881168,0.22363905038309112,1
565,-0.11896348915552846,0.05262788993116094,1
566,-0.3512874908115663,0.1538025705500892,1
567,1.2618329621610052,-0.27491605318314627,0
568,-0.9605380072168597,0.5012971875590707,0
569,-0.3699643068135866,-0.08416615383643422,1
570,-0.2731827021797638,-0.132067209225044,1
571,-0.3478829892313207,0.5855876057294558,0
572,-0.21505900572530923,0.262697329515867,1
573,-1.0372227539861991,0.34733330251054934,1
574,0.6105933996723962,0.6390228049534485,0
575,-1.127505907061542,-0.34859599328796076,0
576,-0.3802939220062269,-0.053024953916865486,1
577,-1.2865418881706985,0.08799156473510111,0
578,-0.3769112328905036,-0.5848791892672887,0
579,0.7690360680396592,-0.7891076333779986,0
580,0.5327695242907904,-0.3762931118349511,0
581,-0.3236055751430691,-0.9502356575395415,0
582,0.41069234758867823,-0.5545191610238396,1
583,1.1177263956659609,-0.017874825166939418,0
584,-0.3633499349289354,0.7071338452449263,0
585,-0.4000543441601644,-0.5184285149601299,1
586,-0.034302938714115966,-0.33746320406408414,1
587,0.08891413184616437,0.43323953928512215,0
588,-0.05081420783814858,0.8573921474979268,0
589,-0.3630066183442668,-0.4204473500691146,1
590,0.33547796984630307,-0.686275969183915,0
591,-0.054052434033846436,-0.40355667972925324,0
592,-0.2917710373893311,0.8102756019804888,0
593,-1.0814798288371894,-0.1296717652228635,0
594,-1.0052364421195712,-0.25688880516625523,0
595,0.6309427261179611,0.8135575983006472,0
596,0.7735152187166727,0.7309353060714904,0
597,-0.12707936699427025,-0.6655430663237707,0
598,-0.3949687787839601,-0.3481832318241519,1
599,-0.5126231223154671,0.10370881759787717,0
600,0.01216733291235178,-0.20377472982330097,1
601,1.382576807628863,-0.24365594747098515,0
602,-1.2338056221621165,-1.2842325144637616,0
603,0.25082408976090653,0.16161144721758178,1
604,-0.07198836103190573,0.34175702162951344,1
605,0.05671030405664283,0.2666663791011077,1
606,0.3649226078646767,-0.46285486682233123,1
607,-0.3033380566479292,-0.20423067615377594,1
608,-0.9529432661461125,-0.4987489536435068,0
609,0.00017066978888766182,0.24312998060098268,1
610,0.5600469182734868,0.3865462571840621,0
611,0.663337768547434,-0.13757058254331161,0
612,0.6619949286170684,-0.736249582448419,0
613,0.7814999972861508,0.7040924098078407,0
614,1.03813956844539,0.6752758404728499,0
615,0.4313356263203356,-0.6122430156111162,0
616,-0.520260484437371,-0.1578898697700133,0
617,0.4043117022543092,0.6150595691757473,1
618,-1.2766191120545103,0.12393032227109357,0
619,-0.26818183891839226,0.6357261092603504,1
620,-0.16817848262336538,0.5687036375666077,1
621,-0.07980899594229711,0.3873677283555224,1
622,0.1412482453103493,0.34446292477008983,1
623,-1.2933287297952503,0.5150973942296639,0
624,0.24043907429230182,-0.8863651316207977,0
625,0.38633646024030954,0.037552811795567076,1
626,-0.8063324819463421,0.5972962551800938,0
627,-0.004832260882731559,0.20126453705803327,1
628,-0.1138869309141858,0.2927773007030239,1
629,0.24683287705468504,-0.12014434199985242,1
630,0.3398869452830394,0.1625989752789479,0
631,0.10786167587798633,0.3545107235144064,1
632,0.9681838202868998,0.9083310392834174,0
633,0.07794906305089964,0.4449017013049209,1
634,-0.8601548543637855,0.07099801168509856,1
635,0.00279723710148877,0.9948157447919446,0
636,-1.3628586205477657,-0.7047031274862241,0
637,0.6213318855670841,-0.3108347407753148,1
638,1.0664930505862436,-0.5632550370760301,0
639,-0.8980015685356064,-0.31746115696109345,0
640,0.05444084342750137,0.4126946246196276,1
641,-0.4120603057661575,-1.1905089128739517,0
642,-0.45279676603177155,-0.5954084585944643,0
643,-0.26915242303671494,-0.9562437153214716,0
644,0.2663580332537286,-0.1388217971280771,1
645,0.36301330931587517,-0.4722029517125006,0
646,0.2264751764408228,0.21141742390741883,1
647,-0.2036947005661532,-0.668939033146112,0
648,0.005602550100544723,-0.2639838940210435,1
649,0.8136404655260462,-0.2755488909085978,0
650,-0.09731706752427174,0.4206949295382799,1
651,-0.5334840577866653,1.7596645821610708,0
652,1.3408937117287072,-0.8597238447759137,0
653,-0.24217665287682685,0.40814158480005336,1
654,-0.26213203490489656,-0.40747614422684,1
655,-0.8196736715339515,-0.3996407374028109,0
656,-0.35873175713732464,0.2582752412718672,1
657,-1.0456616544488748,-0.07524102101023389,0
658,0.949471850616693,-0.5350158278178803,0
659,-0.5207675378036735,0.678690348312268,0
660,-0.6520054906272009,1.017153283818745,0
661,-0.20040415584918783,-0.3112696469360376,1
662,-0.4494703985230599,0.10385258510224467,1
663,0.12320541183119815,0.20426569898008498,1
664,-0.3036340798259951,0.6542472648859198,0
665,0.5553965990421663,1.1356097335280937,0
666,-0.10425194406420377,0.3068012165384315,1
667,1.0238818404608618,-0.20784434161157955,0
668,-0.03538952127937717,1.377450307739238,0
669,-0.6109449450298279,0.847497073622037,0
670,-0.508238816632777,0.2265866690172814,0
671,-0.3692729541694452,1.2077132113313311,0
672,-0.37345502350659704,0.9539065966364015,0
673,1.0810828825800844,-0.7101304973792929,0
674,0.22525748815115415,-0.694693540469926,1
675,0.18811252947377757,0.19256273977519853,1
676,-0.2855019487844807,-0.6483029379542973,1
677,-0.1998886671291526,-1.4430676221583147,0
678,0.8043939932793801,0.4914543568185308,0
679,-0.3096795142464942,-0.267728849619683,1
680,0.36682991561848605,0.05866080032869231,1
681,-0.9224259428289588,1.075425207816208,0
682,-0.9919996703543438,-0.6179593620382323,0
683,-0.34831614302023817,-0.03979803076021557,1
684,0.24146582409571027,-1.486151033304803,0
685,-0.06580854840030764,-0.22428782024560526,1
686,1.1473837354818015,0.4049857030319171,0
687,0.3755722253523498,-0.24902089010073283,0
688,0.7936088281353881,-1.1134112579365456,0
689,-0.06164427309478661,-0.5647430220912203,1
690,0.12989282793107085,0.5888699593594559,1
691,-0.15672539252536,0.8517322553675657,0
692,0.43728929250656146,-0.17851887103652586,1
693,-0.0752685513783474,-0.007534300703160971,1
694,0.10317065077171324,-0.765047822145155,1
695,0.48741693640796047,0.45119140630716803,0
696,-0.16296002866405834,-0.05470492174083688,1
697,-0.6911502136302601,-0.7238603869563127,0
698,-1.05577072025643,0.7252554484272771,0
699,-0.5288882678273422,-0.24884541579829916,0
700,0.4609383344243552,-0.8744343850707348,0
701,0.11883818936625519,0.8467799445695883,0
702,0.5030103475407769,0.4895017385125421,1
703,-1.2028442077873795,0.1021045231886285,0
704,0.26521447927304065,1.1386032127152717,0
705,-0.6171803861315803,-0.03310187168612422,0
706,0.9688671121490765,0.6693136154157029,0
707,0.7992347321598731,-0.6111180606063804,0
708,-0.2452892685144974,-0.0327545424244658,0
709,-0.43970956371255465,-1.1078878893807194,0
710,0.3231789695117614,0.5847040288019181,1
711,0.41814656120678856,-0.20962987436870922,1
712,-0.2988519396495535,1.067244298335209,0
713,-0.19310775891979873,0.09341402620782338,1
714,-1.0080932389606094,-0.0885228744148236,0
715,-0.11612177500703985,0.07500187144351883,1
716,-0.8927782391506083,0.5819235198123909,0
717,0.23818579130372314,-1.4521157839152208,0
718,-0.36796509376894027,1.018874559567607,0
719,-0.7755951688079445,0.28387617580137336,0
720,-0.9185269294248931,-0.4546747943612128,0
721,0.30812564691785965,0.2745612336673329,1
722,-0.0712875083778726,-0.10273211925044284,1
723,-0.046390651031641306,-0.619131531683766,0
724,-0.10035064375395673,0.0327061892373793,1
725,-0.015006964828128244,0.8908887913036576,0
726,-0.026927191807367273,-0.36734087221980527,1
727,-0.69606013516326,0.08555872141882939,1
728,-0.026378059418024066,-0.43114869353805063,1
729,-0.5746390100359957,-0.7320665279799928,0
730,0.4204450107396168,-0.13039632623496353,1
731,-0.05604482753716908,-0.5270980554351773,1
732,0.46165371410352285,0.06454166074276559,1
733,0.4382019508805832,-0.5965999712696588,1
734,-1.0241198911001104,0.3386126663524255,0
735,0.9037985638051058,0.30779403539751926,1
736,0.3941965324024017,0.5844559936943838,1
737,0.792803754840054,0.017042604041132448,0
738,-0.8576654124686379,0.5864079195849338,1
739,-0.3638632647269549,0.6456308970733852,0
740,0.3403815972084807,-1.0454686077782203,0
741,0.13248319048480012,0.0015506980761301192,1
742,-0.16761445775889583,0.04044984619634592,1
743,0.053589803892770835,0.38051272193759145,1
744,-0.8062492496176917,0.1539977941732243,1
745,0.24070113494784745,-0.5059456831907538,1
746,-0.21261161340584467,-0.5428670737331209,1
747,0.03170430107791078,-0.1653481642736197,1
748,0.3566078835641794,0.0488062612037288,1
749,-0.3410078407212218,-1.4882605944850749,0
750,0.19227955233388072,0.04450742210352926,1
751,-0.15249432268017976,1.22053359703986,0
752,-0.7867860337247544,0.9222692802509409,0
753,0.5277834503144683,-0.022373616816158237,1
754,0.7378927470116482,-1.0402141182949651,0
755,0.43013655367015863,0.14453922694770197,1
756,0.06704724779164264,1.2523543017466412,0
757,-0.04625788954522002,-0.005355307911706103,1
758,0.7135870086261789,0.6660277098270004,0
759,0.7501647974080274,-0.4499931877795734,1
760,0.17356781995857995,-0.19047983754907843,1
761,0.20394059057793357,0.13721749677956688,1
762,0.15159234730476331,0.3063000566202187,1
763,-0.6398732738504541,0.06128414161883036,1
764,0.2430835999171626,-0.5504855719386648,1
765,0.0971069880536975,-0.17575500987951237,1
766,-0.7887211242463084,0.8703883970101975,0
767,-0.8676141878124146,0.8949296985843381,0
768,-0.7349729991227136,0.16424065743182298,0
769,-0.21968359949406494,0.23375354796723546,1
770,0.7708715488539184,0.7761576882132358,0
771,0.38407658357271246,0.20355053838677178,1
772,0.10298126437050426,0.11750366079450775,1
773,-0.9720770326813254,-0.20463314272601954,0
774,0.904967775888506,0.32936779113928144,0
775,-0.08510226882421841,0.2514495022317626,1
776,-0.13121666873642826,-0.2246838069703742,1
777,-0.16104613593654635,0.16901515967634306,1
778,-0.15642953258004422,-0.5956671819574484,0
779,0.5681241392256813,-0.944308358499236,0
780,0.18849755778390778,0.030188246167090982,1
781,-0.11409671953149617,-1.4191481161155992,0
782,1.5951985615953699,0.4146424543030601,0
783,0.9600519233583624,0.09623295631756607,0
784,0.321995670580889,-0.20891624825436048,1
785,-0.8978148645011392,-1.0455450627849925,0
786,-0.9613622563897882,0.33432656215298984,0
787,1.1730584341116963,-0.5710241756426949,0
788,0.04929437024302624,0.22152450967331494,1
789,-0.8736689186284019,-0.8029960019624088,0
790,-0.45628730381297294,-0.2860190648836676,1
791,0.7473072807472725,-0.5311265365221814,0
792,-0.03113403281100338,0.17773719142950534,1
793,0.17768355745141812,1.0878579611063641,0
794,-0.8183530290377332,1.1014854346848881,0
795,-0.2883079146876801,-0.38266816996125613,1
796,0.3474735006436902,0.281265295563095,1
797,-0.842629010105581,0.811921742432197,0
798,-0.23168336197076897,0.1941881916267072,1
799,-0.0013251810269267472,0.3233832302951902,1
800,1.2072511614543993,0.3858249852074255,0
801,0.47655732762055175,0.3536373372941698,1
802,0.1735664546070101,0.5074847727022973,0
803,0.53375361971176,-0.8104163499539527,0
804,-1.2381764938490023,-0.44554333427226217,0
805,-0.009837518116295435,0.11139443803703636,1
806,0.44776004793411694,0.06301994526352156,0
807,0.06822187495106712,-0.355035756115513,1
808,-0.25434967629983823,1.5328588411281192,0
809,-0.06564656333903764,-0.574388914844236,1
810,-0.47533524810667493,-0.06562236388593275,1
811,-0.5879759949925725,-0.5952918757129942,0
812,-0.3692058850379809,0.9711892777563553,0
813,-0.13029815509736672,0.17508493000007377,1
814,0.5005004828160534,-1.0275238202360395,0
815,0.4620916208718208,-1.0362738061055987,0
816,-0.24037718370879346,1.1466386560112236,0
817,-0.8433646438558322,0.8180611914395022,0
818,0.4842797054737313,0.27958026829539867,1
819,-0.6868641376586959,-0.6709987924001543,0
820,1.3073094127998968,0.42164229244676277,0
821,-0.8005307363009591,-0.6789597103090141,0
822,-0.1952981921798919,0.04603576031392073,1
823,0.19204751072232687,-0.2775421187269238,1
824,-0.6860594654450571,-0.44175983956598935,0
825,-0.08216554346582533,0.11143352758014893,1
826,-0.6255910377926877,-1.023502150299122,0
827,0.0989560960393654,-1.2753194976826763,0
828,-0.011411999747129913,-0.05431386797607074,1
829,0.740787576830461,1.124664827771659,0
830,-0.11314595620589561,-0.9705055115480672,0
831,0.40296425976781625,0.0411448620641101,1
832,-0.045825108260480904,-0.09441661138689107,1
833,1.098823929369055,-0.8899346070029971,0
834,-0.33436535140885915,-0.5386424584218583,0
835,-0.14164870797684345,0.16471093855005936,1
836,-0.057563378901454826,-0.31218789421223997,1
837,0.3098589905578085,0.1595996070110791,1
838,0.20211683860176083,0.8113889966101298,0
839,0.3054432368247034,1.2874124940080522,0
840,-0.6868194559456084,0.5959552847113689,0
841,-0.4339040554102358,0.010162987608276428,1
842,-0.13553764994104436,0.20011702746740978,1
843,-0.6439019515569264,-0.906716047737459,0
844,0.19485983861062073,-0.0872999962894669,1
845,-0.13963743128391268,-0.2509882573704074,1
846,0.8086672163655101,1.056365400319745,0
847,0.10598913519288033,-0.25840299375625925,1
848,-0.31771273665145283,-0.292846637587647,1
849,-1.3582841717081555,0.47741247499797124,0
850,-0.27111240527549385,0.3135638508062798,1
851,-0.013315526051133841,-0.446893350060427,1
852,0.8540556694701453,0.9185795465497463,0
853,-0.5908837871577478,-0.8965766006333046,0
854,0.35318529498077944,0.015731384460750703,1
855,-0.2424192540761226,-0.9241359964014546,0
856,-0.323570887982197,0.12726402895377117,1
857,-1.5874365076251495,-0.004943122481835687,0
858,1.0587885722192492,0.012407419273921527,0
859,-0.8532225810374383,-1.0549037724201007,0
860,0.21543860489973587,-0.09155403172133614,1
861,-0.35943027141857137,0.3110913332498034,0
862,-0.8909648896448148,0.6841271132682157,0
863,0.4405128565155224,-0.9031132221986629,0
864,0.5357349751411019,-0.8240770655530908,0
865,-0.24350607368564173,0.17200850152640412,1
866,0.22977978859125428,-0.4790796053141657,0
867,0.11659482480751253,-0.6643499893094087,1
868,0.7921204064104812,-0.5925136107892301,0
869,-0.21705287371664483,0.09213120346817051,1
870,0.03168549707355174,0.42814778680493026,1
871,0.9147121555085382,-1.2076751891677928,0
872,-1.0387889795794196,0.24576347670270612,0
873,0.6648704497927941,-0.3463340131270545,1
874,-0.9769689868065473,0.43368324921226536,0
875,-0.32450341022438606,-0.11160735928852511,1
876,0.45890804529731355,-0.4883835913448702,1
877,-0.45611902812843913,0.41330270759641663,0
878,0.572646089440504,0.30878626233423717,0
879,0.10137140963502703,-0.09484305274656232,1
880,0.8244687587399826,0.38274123903705237,0
881,0.05098619544146184,-0.357962512179455,1
882,-0.5937042454815784,0.23216865262944203,0
883,0.6664412528863627,0.055424695024474446,1
884,-0.1069816889195023,-0.20346225189209327,1
885,-0.16723438538111712,-0.10931294135625448,1
886,0.051575594078806075,-0.8389023599355412,0
887,-0.6431938717350232,-0.16560628226572244,0
888,0.5887195504837566,-0.31009437312296867,0
889,-0.9408234297969326,-0.12905797356409932,0
890,0.12147979421316422,0.2725009635432207,1
891,-0.12891610715824048,0.10084863216068589,1
892,0.14393375146455895,0.14540020061286535,1
893,-0.7191473850958819,0.7557440469153285,0
894,0.08617678377334315,-0.9294626037132286,0
895,1.280376972375538,0.6656435361833479,0
896,1.167471293217206,-0.7715739663490992,0
897,-0.18218245025223836,0.3906422282563019,1
898,-0.5463838387102358,0.3824335377377692,1
899,0.2242294681375925,1.2677995449280508,0
900,-0.8199732986232503,-1.2630202649479632,0
901,-0.032263490568093994,0.90254323430817,0
902,-0.25305444931668586,-0.17762585682305645,1
903,-0.9892576409323223,0.2011498972580848,0
904,-0.19403601423213857,0.27001621889099015,1
905,0.03372296479307382,-0.4091969330043538,1
906,-0.09394877480259126,0.30200435801418196,1
907,0.8302051272343351,0.39525185697995513,0
908,-0.9624601765579945,-0.6481997136741879,0
909,0.14305318533972577,0.049300311058075016,1
910,-0.4531441677526833,-0.20414772123019226,1
911,-0.09032659992818953,0.3269305802267955,1
912,-0.48011233276218346,1.2541459398297587,0
913,-0.7164870445091407,0.3572217919394006,1
914,0.77437095297823,0.43816306819876333,0
915,0.2731762269640427,-0.10639582679888232,1
916,-0.8439651220711439,-0.3030701450350758,0
917,-0.12239855371681208,-0.1324811777965036,1
918,-0.4259195423497492,0.10626380982617714,1
919,0.3376085792382649,0.0014527211940265905,1
920,0.772809859509367,-0.08086821453457485,1
921,-0.2310395753668954,0.3921296440951443,1
922,-0.31891105009897497,-0.4192777811936418,1
923,-0.3835436355019142,0.71954310294009,0
924,0.06189970609421274,0.7898980771545365,0
925,1.3080943076716276,-0.16226513995721314,0
926,-0.3018992653921613,-0.5898865477772242,0
927,0.42967389312631,-0.43483147944641964,0
928,0.18130258270729116,0.2993842569103095,1
929,-0.2682482461189952,-0.28265763117602843,1
930,-0.8359252139381935,0.19614341949217357,0
931,-0.11798082227574383,-0.08953664661374328,1
932,-0.006722474756612196,-0.00655278212852764,1
933,0.08830407780263838,-0.8805284555899447,0
934,-0.1396041184003836,-1.3727097997218973,0
935,-0.20927008573985967,-0.14377569188755726,1
936,0.27817680920709753,0.33289320376897136,0
937,-0.6043189111011871,-1.1074069837110678,0
938,0.04978295560544696,-0.05882495402336041,1
939,1.0210401645563563,-0.6376099593721821,0
940,-0.5406712872448522,1.3272120451418223,0
941,0.7021325906992547,0.3593067711229904,1
942,0.5497439273030496,0.08631853818070437,1
943,1.455235355887707,-0.03459430669678215,0
944,0.7586616994629052,0.1955804286730233,0
945,0.47418038556982556,-0.34918496313509023,0
946,0.8184400976264298,-0.7848394038107036,0
947,-0.2430601709780896,-0.7886715992679141,0
948,0.14370372948562163,-0.24738144172541898,1
949,-0.1919029644652427,0.4070792118885205,1
950,-0.3911922292756962,0.11807150961901519,1
951,-0.24627302057130948,0.24197488785515056,1
952,-0.4155868182519499,1.0778323663872422,0
953,-1.0633261937243979,-0.30761120759592525,0
954,-1.0775914165221256,0.0874219629009399,0
955,0.4957648506176363,-0.1864591022557998,0
956,-0.12594155693696416,0.518783847523005,1
957,-0.009728306889530691,0.5628063411450647,1
958,0.0017470493250033442,0.02964339130031529,1
959,0.6943406032287283,-0.7808317959482658,0
960,0.18624977114763755,0.45572209350575155,1
961,-0.5951066413209047,0.28461571459460366,1
962,-0.4085459629088033,-0.1668238170736389,1
963,-0.9836658004706811,0.36695582054531584,0
964,-0.9472515667663775,-0.4499176143505971,0
965,-0.4451998947442293,-0.2524936732927732,1
966,-0.36665239030135915,0.06258275687274811,1
967,-0.9683748995596146,-0.18161268387884763,0
968,0.9788261824404171,0.8400934624802617,0
969,0.02350606411967439,0.10076010814404471,1
970,0.3566068485135209,0.5385334620307413,1
971,-0.43900431379920085,-0.33867501466508176,1
972,0.3448110939833684,-0.6638615401869525,0
973,0.07306301521885146,-0.44665000046015824,1
974,0.7067274435271926,-0.4298897936854823,0
975,0.2363841414416969,-0.990204580424237,0
976,-1.1111196242684866,-1.1181681878754528,0
977,0.11178672993875222,-0.8163315339840048,1
978,-0.6594738489364228,-0.09083670910158452,1
979,0.264112846961506,-0.7575329151796135,1
980,-0.8601690826202325,-0.540887928132807,0
981,0.010744375036602097,0.13191556500925117,1
982,0.1898010399830237,0.2786942211692326,1
983,0.9377195315774562,0.012127582627024402,0
984,-0.3282399171224384,0.13214863095623333,1
985,-0.7310806811366447,1.2914473711636396,0
986,-0.5584713891298168,-0.1261449375621264,1
987,0.3503648069537929,0.09249621865269131,1
988,1.301830674639334,0.3223022640885516,0
989,-0.3323118521024062,-1.153461970492406,0
990,0.7028622378876533,0.9569146040077924,0
991,0.784585344749085,0.5026177395529663,0
992,-0.6682490216045998,0.5221107296940635,0
993,1.0930051580035092,0.8969663221408908,0
994,-0.11133126356283538,1.192497020495072,0
995,-0.9834507569795277,-0.15251308243340006,0
996,0.48775750694443687,1.1861619811649664,0
997,0.16286542753969616,0.6114339194052555,1
998,-0.3490762948041538,-0.15775877095728683,1
999,-0.3570977975946773,-0.3647075388443267,1
1000,-1.5138617843287847,0.11798433695931271,0
1001,-0.47536577616580616,0.6053884426112701,0
1002,0.22842960510073207,0.16688980347966503,1
1003,0.2855339496187416,-0.67336088021692,0
1004,0.0035946215999113906,0.14893499389902393,1
1005,-0.3109699651538908,0.091015130999842,1
1006,-0.9065657170376515,0.5070236142799038,0
1007,-0.18775328300697033,-0.1037018411164467,1
1008,0.36022703327237166,0.15371665816980007,1
1009,-0.10448150948110982,1.2709029353310253,0
1010,0.031229492314428342,0.15252612778275035,1
1011,0.9702087553200517,-0.5116634080170408,0
1012,0.027824356222661245,0.3876116934304435,1
1013,0.05828313322400444,0.4773210525820799,1
1014,0.7885955573069316,-0.6607571362259528,0
1015,0.13703907151856215,-0.2386288064211196,1
1016,-0.12645851216161166,0.17669637928633472,1
1017,0.35599685590227725,0.1112748388342388,1
1018,0.6946502801356544,-0.9605326533819136,0
1019,0.23461536625237348,-0.2906877683141921,1
1020,0.41344748300360673,-0.19987445002884824,1
1021,0.25932075778862845,0.961076059394253,0
1022,0.4406554034972568,-0.4685991829010236,0
1023,0.9281147141280992,-0.8485593862586416,0
1024,0.9426281403933893,0.16395149339323856,0
1025,-0.18596750812645413,0.4868834542912969,1
1026,0.33108308775668965,0.018625487465845775,1
1027,-0.5769976439366278,-0.1671577183983664,0
1028,0.8211250173955718,-1.210182282035709,0
1029,0.4327644923847632,-0.6301357015523446,0
1030,0.6734429048272899,1.0858753004286266,0
1031,0.07130143733496185,-0.12192603167816582,1
1032,-0.6014272452898786,0.35304748240741735,1
1033,-0.13219926169638513,0.7548885681104218,0
1034,-0.451914003128878,0.3608274229547748,1
1035,0.2823012013433893,-0.0745212959638061,1
1036,-0.14380251021306295,1.3185521465338765,0
1037,0.21412300442040236,0.5771429185116386,0
1038,-0.9088118177830142,0.5176745841747116,0
1039,0.549037192942537,0.8702306744108984,0
1040,-0.5370164880857402,-0.13205920009751235,1
1041,-0.8389516600290086,-0.049281299305581394,0
1042,-0.3106202781787655,0.2619280471857533,1
1043,0.6469288270989593,0.3742524676718292,0
1044,0.8068054856236252,0.5656895106025153,0
1045,1.003275149977597,-0.08069593080072568,0
1046,0.941081440140296,0.5751376406542212,0
1047,-0.07040186986048272,-0.15833355195451737,1
1048,-0.23537391629565999,0.47339989202870925,1
1049,1.053125984269693,0.7063961639613479,0
1050,0.916952417855454,0.10838266178039938,0
1051,0.7587947614173522,-0.8299483905789211,0
1052,-0.955840303263383,-0.9204330071784397,0
1053,0.311989881060667,-1.0501767227697667,0
1054,-0.7476811291263616,0.8326648887546803,0
1055,-0.2129372322978971,0.07611798188763641,1
1056,0.7625330248983696,0.2240258380925952,1
1057,0.21948183419425227,-0.15223478601940849,1
1058,0.11255985502324581,0.09974705147767132,1
1059,0.3308915851331802,-0.6845127775302824,1
1060,0.48600745698773457,-0.14542912559869364,1
1061,-0.1335656188104245,-0.08060026764082091,1
1062,-0.8052932338739291,0.7218634425441411,0
1063,0.5717090310498671,0.5023051690147116,0
1064,-0.6438511930356878,1.1083693403549892,0
1065,-0.726223662227514,-0.5680628409375702,0
1066,0.006458896542027359,0.9958953829703698,0
1067,0.23249407094554042,-1.2379965897285048,0
1068,0.22907806587300372,0.939762891673696,0
1069,0.2100353672749968,1.023137964512119,1
1070,0.809554051536886,0.12975964948842872,0
1071,-0.38391571016262693,-0.43026623719413054,1
1072,0.002438288108305764,-0.3269080039363706,1
1073,0.6886567919974628,-0.4061615490357431,0
1074,-0.7778304943136014,0.14982278254434508,1
1075,-1.180717833411645,0.3392075499730238,0
1076,-0.9654076269113573,0.42292039134267123,0
1077,0.04441575496237932,0.9401264371765715,0
1078,0.5813844878797113,-0.6299748783701589,0
1079,0.07888952691953811,0.8709375510039521,0
1080,-0.08147429357760315,-0.33178334494909123,1
1081,-0.15564881355234644,0.4444084341434069,1
1082,0.1553369224321518,0.5273175824598866,1
1083,-0.6089704739313007,-0.3104251368473306,1
1084,-0.1780896346239727,0.019291633420256915,1
1085,0.8647923457664606,0.7198772678424457,0
1086,0.007031203088079807,0.23264117198175688,1
1087,-0.013176076959048294,-0.25759902384374506,1
1088,-0.32629846533710205,-0.8842979375121913,0
1089,0.4908656521846457,0.6441102990478109,0
1090,0.17868693971484673,-0.12212724276096745,1
1091,0.8625548795582887,0.7513756680835252,0
1092,-0.1660673539958347,-0.0015292064892472867,1
1093,-0.13965388468995277,1.1227733243309586,0
1094,-1.256390750080481,0.3041201727170146,0
1095,0.5186496688827609,0.06422825805918339,1
1096,0.3866310994498592,0.2868488490405609,1
1097,0.5037228960238972,-0.012322229570187027,1
1098,0.2657870918100139,0.058441783850913004,1
1099,-0.32148027838395854,0.33080336034633684,1
1100,-0.5297783252474433,0.25948348777693614,0
1101,1.069576996901067,-0.3212224339978906,0
1102,1.1179122921428313,0.7306133551592339,0
1103,-0.12824361756425312,-0.28833937105282503,1
1104,0.03687043468385445,0.17601149346753575,1
1105,-0.02455647319657167,-0.5093548391293744,1
1106,-0.21814096309272374,-1.5183984397639787,0
1107,1.0465616613773268,-0.5124237809977332,0
1108,-0.2153269147542302,-0.17561556382025068,1
1109,-0.014858236792881285,0.20628193258197172,1
1110,-0.4108847559432604,0.6571702537316199,1
1111,-0.7355899364377101,-0.14896817289124908,1
1112,-0.14245077584229904,0.815269873851432,0
1113,0.10030142423542437,1.2241684821990855,0
1114,0.9126260528199615,0.6773533181614549,0
1115,-0.05872009818558696,-1.0277566208203615,0
1116,-0.1420994331533947,-0.5133063907028462,1
1117,-0.022270000843727517,0.16934446363884598,1
1118,0.03241113829024389,-0.0063031290409048535,1
1119,0.75184365733753,0.7315165920324681,0
1120,-0.6969378020316637,-0.8995254589279831,0
1121,0.8919769634922348,-0.3483766864845415,0
1122,-0.10442979490588881,0.7891363056663021,1
1123,0.8014968737261448,-0.12887298143272471,0
1124,-0.48425883830999183,0.41744613267342895,0
1125,0.5646807035882075,0.07810131263006204,1
1126,-0.14779412258698538,-0.02299170146064977,1
1127,-0.8699575682105448,0.10214347743136737,0
1128,-0.14936183329999403,-0.2958809339218913,1
1129,-0.5822538254516344,-1.3288621609163513,0
1130,0.24536078813574458,0.1885158786817795,0
1131,-0.4893215274347654,-0.7260332597279796,0
1132,-0.6907948773312047,0.015455621301615818,0
1133,-0.3464100691668588,-0.0037326282859183324,1
1134,0.6401089785036012,-0.9292165975270986,0
1135,0.24377351460759822,0.32965072077025004,1
1136,0.3037583078657363,-0.7318372294043157,0
1137,-0.379868039502116,-0.13142759332553428,1
1138,0.8933961856693248,0.3455999275380539,0
1139,0.21743715717587425,-0.1224065809346278,1
1140,0.09851878415975257,0.9663679086615619,0
1141,0.18125501755316692,0.03406671830180308,1
1142,0.21829767907412692,0.21797493245485078,1
1143,-0.6647924892435919,0.923760229659744,0
1144,-0.33920870498483396,0.6904494840342056,0
1145,-0.9421958811788573,-0.09381770889954148,0
1146,0.6258974427412434,-0.009563560483049488,1
1147,-1.1803254231210263,-1.0732183422478665,0
1148,0.12049231348854234,0.2405978552961675,1
1149,0.4613426234482588,-0.6358437161236161,1
1150,0.7459676683231977,-0.5140364749434849,0
1151,0.2989255523858893,-1.3441873502484973,0
1152,-0.1411397321100908,0.09851598397668074,1
1153,0.2635799826671896,-0.9862430121984641,0
1154,-0.3185711550382664,0.45085239087254736,0
1155,0.4453570006895788,0.016427252502333345,0
1156,-0.4733404326441446,-0.35420021724468437,0
1157,0.29333321561210174,-0.19110040458254568,1
1158,0.27999171979455495,-0.0695006868641109,1
1159,-0.04185795870576064,1.1007075441650975,0
1160,0.1959807919275616,-0.5114942276610186,1
1161,-0.3276512842927608,-0.12957175929375297,0
1162,0.21210322425872966,-0.19226894302220532,1
1163,-0.2700661860292174,0.26379849574084363,1
1164,-0.06413620535922418,0.27034967978123253,1
1165,-0.04523466066894105,0.9663696394199085,0
1166,0.800765319537136,-0.314961504721727,0
1167,-0.15198232346015728,-0.697195598468026,0
1168,-0.17760364064762724,-1.0767681421815425,0
1169,-0.2641948655720185,0.3041693807444597,1
1170,0.11303008442509982,-0.020479939410204463,1
1171,-0.5555421793615052,-1.3225335128290663,0
1172,0.37563621972766714,-0.4145789942445207,1
1173,-0.038755810711343555,0.24185805050339124,1
1174,0.9644276115253965,0.14574173058555678,0
1175,-0.4682990048226896,0.764952659828119,0
1176,0.7731069136433486,0.02459602165332381,1
1177,-0.174849733432141,-0.524236225656006,0
1178,-0.04115463156942975,-0.837153358356796,0
1179,0.16079156467447855,0.2966606298695048,1
1180,-0.2925775094340909,0.23908974927718868,1
1181,-0.10410050306689608,0.3035905166169505,1
1182,-0.9993113223097085,0.27035213754845494,0
1183,0.6603928514130277,-0.10276517488202241,0
1184,-0.8298044231321476,-0.6463986938539219,0
1185,-1.372384951219397,0.3430164750686462,0
1186,0.7597151259524872,0.8368112506427061,0
1187,0.43407198643902156,-0.42091351479762806,1
1188,0.5847035716267523,-0.5494591804070142,0
1189,-0.4986207319580696,1.2981711084016878,0
1190,-0.07605697021770787,0.3293403943246225,1
1191,-0.43638052337917677,0.355494953592669,1
1192,-0.09383033790270849,-0.21399567592714303,1
1193,0.04878608527319706,-0.4883243773151763,1
1194,0.07092811076977967,0.48636327105430593,0
1195,-0.5753251293272423,-0.1570024269540337,0
1196,0.5447893085365028,-0.8904503243469128,0
1197,-1.3365548182470695,-0.2536542776599153,0
1198,0.1948680386229388,-0.31861139842005654,1
1199,-0.4621997809798506,0.594013622806402,1
1200,-0.17313014647405406,-1.1553439106361214,0
1201,-0.10505315251415454,0.18729669856744577,1
1202,0.19762483479564724,1.3501360615319968,0
1203,0.03610409987001897,0.02796351475107231,1
1204,-1.2645933780288474,0.7907609284193096,0
1205,-0.9471858541161088,-0.34848939791928596,0
1206,-0.033834091677343636,-0.3377692842629938,1
1207,-0.303670696451062,-0.8750598721031078,1
1208,-1.2109966973450774,-0.4558229182731483,0
1209,0.06451947694833471,1.7897775671727385,0
1210,-0.43168640953983217,-0.1481100937308682,1
1211,0.023993498830638123,-0.15185491446615573,1
1212,-0.7844180834464485,0.8121351245565973,0
1213,0.35151692536431023,0.0024961848479353455,1
1214,0.5695106880712236,-1.5366713762598287,0
1215,-0.10950921066781188,0.9307069646159439,1
1216,0.6294098992843365,0.9678977196137686,0
1217,-0.8295875242096271,-0.7590015777764959,0
1218,-0.03936570428402705,-0.1556424493305796,1
1219,0.5790068496940832,1.3062154505752628,0
1220,0.9760305150553705,0.7720831126576774,0
1221,-0.3029408613758841,-0.06558324984065636,1
1222,0.3505135371926234,0.7504151192046603,1
1223,0.14220575615482867,0.4853004608935501,1
1224,0.5155373365635971,0.34874876269744376,1
1225,0.07950726426286739,0.41563937175922616,0
1226,0.30809446609304014,-0.18045921405736626,1
1227,0.8037376407922295,-0.6402239166576031,0
1228,0.37559740060090374,-0.14998566220593867,1
1229,-0.5578800795349194,0.8496928428320378,0
1230,-0.5811256565115368,0.367247969454233,0
1231,0.12800094201781112,-0.1133025620870537,1
1232,0.8733240074920244,0.25379219034845424,0
1233,0.14950709250271366,0.04842810339771539,1
1234,0.2216342085084671,-0.0996169025232578,1
1235,0.24967583058096,-0.23299316858754496,1
1236,0.04826922629040993,-0.043535405872864016,1
1237,0.17209253783938272,0.5695291117244746,1
1238,0.027291487260654453,-0.014475996878622832,1
1239,0.34784744589299466,-0.5516847065735365,1
1240,-0.15202965921357717,-0.33102491845246906,1
1241,-0.028606996547433403,0.9513205120111494,0
1242,-0.4710636136617524,1.0144256932970444,0
1243,0.3272097042295743,0.8957513607208709,0
1244,0.11566728259101167,0.016098751034311493,1
1245,0.8514366214691335,-0.13999416388465458,0
1246,-0.1042364781044832,0.46782694838239813,1
1247,0.2542798315802367,-0.3144730063128704,1
1248,-0.1825968425826576,0.07777634014651488,1
1249,-0.5724778095232843,-0.3334515786461024,1
1250,0.18100332694841653,0.19888218049266965,1
1251,0.1930595081371057,0.18790661310771353,1
1252,0.46123443634822686,-1.0624663234712999,0
1253,0.09093200582864147,-0.771865431483523,0
1254,0.20185553078045898,0.2516684578291648,1
1255,0.3545157764699267,0.1931427691039232,1
1256,-0.0947857741189566,-0.3145486955276614,1
1257,0.7048582188924127,0.9436157325002723,0
1258,-0.1502825419981872,0.09337654390449798,1
1259,-0.6294791117622545,0.6358103882241586,0
1260,-0.17800058597507384,-0.23224535828482845,1
1261,-1.0794559025850574,0.26363509537132684,0
1262,-0.8244173732756712,0.9540276683485264,0
1263,0.6730284498491854,0.10778187684473928,0
1264,-0.32340686673263525,-0.1795498932485881,1
1265,-0.61000811555377,-0.1355057761144567,0
1266,0.04699145151776757,-0.3902696235218853,1
1267,-0.35891265102422426,0.28344539724004664,1
1268,-0.17734122119718593,0.3319233072448186,1
1269,0.05523319764734285,1.434087475603549,0
1270,1.1014395227859495,0.0980771216901325,0
1271,-0.21743114181305861,0.35174165441837213,1
1272,0.772076317637306,-1.0822222976009552,0
1273,0.0753486305639769,-0.3025469321053208,1
1274,1.2571007059257249,-0.010910762196495033,0
1275,0.13813290990361277,0.22833638785595162,1
1276,1.0193489744758772,1.2337580470341107,0
1277,-0.804247504083152,0.8514122636852974,0
1278,0.8379749467864311,-0.319933732569789,0
1279,0.22476057795321908,0.8368027547280505,0
1280,0.7475024622993407,0.11175512386406738,1
1281,-0.38965423364991614,-0.10683104590965434,1
1282,-0.6269025314739013,0.6293336879232813,0
1283,-0.7445336415348554,-0.4589398210455873,0
1284,0.23639266187538033,-0.1540896677454416,1
1285,-0.3945240231017198,-0.09334463836566348,1
1286,0.1339104085065719,0.09927342269059841,1
1287,0.04400418598726452,-0.2490666490279631,1
1288,0.9154449560015758,0.5830866299603615,0
1289,-0.8275527060389685,-0.31157893331591474,1
1290,-0.06543298224661986,-0.09918392320442232,1
1291,-0.4031686923226424,-1.53722989496275,0
1292,0.18868498517685647,0.15679872224229047,1
1293,0.39182323301902366,0.8185383195382034,0
1294,1.046885983815068,0.39314695542402983,0
1295,-0.07927420610849567,-0.9225185421168903,1
1296,0.8503751466342295,-0.9455872298707233,0
1297,-0.8963858661582539,0.12417203316840009,0
1298,-0.3011006910052361,0.2674051848917859,1
1299,0.5358940441322463,-0.07376846602452397,1
1300,0.30264886373673405,0.00874742664272879,1
1301,0.33524736229375024,0.8069959111560092,0
1302,0.4514090431346946,-0.8555141222874701,0
1303,-1.0757748450976707,-0.21795879850857497,0
1304,0.294364871788893,0.0036883552052002916,1
1305,-0.35554467487263297,0.7789030156834618,1
1306,-0.577027888583956,-1.0909363302372643,0
1307,0.8916660423138916,0.38069606389677274,0
1308,-0.973740996783943,0.024494780944720074,0
1309,-0.42674061410171615,0.8069246620934378,0
1310,0.5997266821774518,1.3351598339278141,0
1311,-0.8033090571002066,0.5501859367664852,0
1312,0.850014610020612,-0.36472934588848205,0
1313,0.012556201403612133,-0.18003970524002255,1
1314,-0.32381652096263985,0.8326235393109498,0
1315,0.21224524114336019,0.15743826597123423,1
1316,0.3005360855351146,-0.3814246398967372,1
1317,-0.5272476681762153,0.5973085457422606,1
1318,-0.35132463659047974,0.6073464751788149,0
1319,0.12839502150822274,1.122019048913114,0
1320,-0.58205810428418,0.0300436579068001,1
1321,-0.4466021568427155,0.09375842208213331,1
1322,0.5834635389443608,-0.3676539534417045,0
1323,0.10571992114338993,-0.07835850693310546,1
1324,-0.4574721578602244,-0.38908622012770677,1
1325,0.33064069372937865,0.16100343725318073,1
1326,-0.6448414119022432,0.03760343127123757,0
1327,-0.5655963069968344,0.4500880057408415,1
1328,-0.1619245228765619,0.018899364442810984,1
1329,-0.27558930106678925,0.3630516385444179,1
1330,-0.3962938157836572,0.6015260048273704,1
1331,0.20516269071392546,0.10595933575925397,1
1332,-0.6742044808936203,-0.547408788170001,0
1333,0.1978595037833839,1.1530272273198685,0
1334,0.9206788572831103,-0.04652077071083115,0
1335,-0.2632734436817648,-0.27732695019854386,1
1336,-0.26358396467001066,0.1674647950937379,1
1337,0.02661427754015655,-0.19961061303868124,1
1338,-0.21626537953214395,-1.0373712439281828,0
1339,-0.5156264872278412,-0.9200088589048271,0
1340,-0.7147704874559544,0.3988245406779243,0
1341,0.514843227560285,0.22125541837716065,1
1342,0.6587075717090679,-0.5919735512712042,1
1343,-0.11728944740514385,-0.21206450168285434,1
1344,-0.04000754339237289,0.7205544559177246,0
1345,0.10721993178357259,0.3508360752943939,1
1346,-0.5309459093805267,-0.3995262541181151,1
1347,0.33936788415469715,0.0842451430066648,1
1348,0.8122076026264421,-0.2971511337892099,0
1349,0.30795419267749974,0.13958580236932175,1
1350,0.1709244064501559,0.09608073595343466,1
1351,0.6535634228657012,0.9584526575570458,0
1352,0.05428349885291814,0.24991409711657614,1
1353,0.47898072797110547,-0.3568949137920001,1
1354,0.9151378720818376,0.5538817902713693,0
1355,-0.20295596166365412,0.16975141418650178,1
1356,-0.6953561678770003,0.18134588382770847,0
1357,-0.8028234014083581,-0.9743259605121675,0
1358,-0.3336830734555383,0.7252879150761677,0
1359,0.6713752880007747,-0.38066053238494413,0
1360,1.2857013011013487,-0.3209660749079657,0
1361,-0.5155939189604819,0.43199392442544055,1
1362,0.04450971905511812,-0.04205573671018259,1
1363,-0.1882031095649759,0.18289255085945538,1
1364,0.21314408205129295,-0.40383993969426435,1
1365,0.3804203655423594,-0.025795480060649606,1
1366,-0.5685833569905013,-0.48134214801813335,0
1367,-0.5420864442008487,-0.6382241458873021,0
1368,0.3362138634320838,0.03295859966491664,1
1369,-0.3569177664553401,0.382326326108935,1
1370,-1.0198261565129911,-0.38617286254632044,0
1371,-0.48492359422920633,0.7689621850945763,0
1372,1.2200854578619549,0.19703003725785265,0
1373,-0.43526747360606277,1.0513556235071144,0
1374,-0.2822227801969913,-0.6237575011566867,1
1375,0.23004727367868333,-0.09519402331631985,1
1376,0.000539175086032545,0.3495850480154941,1
1377,0.6927867409750167,-0.907274537511656,0
1378,-0.21820400557786535,0.06356360938078709,1
1379,-0.2039524177935767,-1.0563444189719733,0
1380,0.36232073966254497,-0.9318714414237028,0
1381,0.39277523958941996,-0.009086271447370047,1
1382,-0.28974903633552107,-0.41501289808778213,1
1383,0.2445943481581303,0.15298255153830392,1
1384,0.47022218942354155,-0.8162815541206593,0
1385,0.28934871921797545,-0.49814058243407167,1
1386,-1.4204587075624302,-1.0453220320908807,0
1387,0.3085891713041752,-0.37168260183688784,1
1388,-0.2913673706758668,0.13557174551070664,1
1389,-0.2745000612040738,-0.948062501453401,0
1390,-0.015108610069745121,-0.4975348878377495,1
1391,0.3125341939934872,-0.3541109553382461,1
1392,-0.376517461274137,-0.3767840138557562,1
1393,0.8556433120183243,-0.5505901836229269,0
1394,-0.20442420858724597,0.41834289018092563,0
1395,-0.8406018264087644,-0.44524874539214254,0
1396,-0.21548541508087105,0.08801846416579762,1
1397,-0.4560774488169763,0.026598681753770073,1
1398,0.6313692928395844,-0.11900795552050322,1
1399,-0.1656631777002831,0.5995698467365754,1
1400,-0.591008484555363,-0.83851472812302,0
1401,1.0994153935569984,-0.4586655813843978,0
1402,0.5479266176932771,-0.911682725212975,0
1403,-0.12834911648769776,0.12167408757866066,1
1404,-0.2581715522030216,0.09414495804196737,1
1405,0.520122723845555,-0.5980596867918164,0
1406,0.1477489194325606,-0.3610223871955577,1
1407,-0.6311899010961021,-0.9055593756436255,0
1408,0.44681312564644665,0.5172402894342507,0
1409,0.4820358446538322,-0.5978501398968777,0
1410,0.5427021003032727,-0.8820337587676045,0
1411,-0.11707082248049364,-1.0352559963836852,0
1412,-0.32603468051439843,0.4629474022149847,1
1413,0.27365014563223694,0.23941818019471095,0
1414,0.21070467001542226,0.1928032529985006,1
1415,0.22760795993703462,-0.02251553607341071,1
1416,-0.06880979489308445,-0.48611201465415543,1
1417,0.3477638332700717,0.6887338593051123,1
1418,0.24638708245543384,-0.42911598523299865,0
1419,-0.8926936400861492,-0.46767876649747825,0
1420,-0.42220791615534603,0.3527255921626818,1
1421,0.1730898119794897,-0.20070177368675815,1
1422,-0.7360002314777845,-0.05694891870917117,1
1423,0.9128831684031159,0.2489510429794492,0
1424,-0.7606749468309526,0.18566380359953466,0
1425,0.2939797273171541,0.10399481408431743,1
1426,-0.09491446877306876,-0.010901906811437684,1
1427,1.4529533608643637,0.028860256075830953,0
1428,-1.3004112997566706,-0.13080067037245785,0
1429,0.03509310555051523,-0.3110762482636293,1
1430,0.18188939261174647,0.10538359928655139,1
1431,-0.044636496080604354,0.09861317427651775,1
1432,-0.37370998267659566,-0.5102307838616029,1
1433,0.9604333609312862,-0.27671021529239886,0
1434,-0.08381530384718305,0.10738034160165041,1
1435,-0.23956028783984376,0.2203013600626919,1
1436,-0.5991109013517086,0.21340264944615908,1
1437,-0.16161326650537214,0.024970183368087526,1
1438,0.580609560693009,0.7834536957128619,0
1439,-0.18434928695853067,0.27207198531685495,1
1440,-1.0684567026809157,-0.21813324389374322,0
1441,-0.9093446805647704,-0.34278616813459656,0
1442,-0.6909285617243286,0.08028332795775533,0
1443,0.7131381725021554,-0.3310326365935064,1
1444,-0.03929696327232601,-0.25545793796327776,1
1445,0.3274383026905211,0.06214338512913156,1
1446,0.14639853469307812,-0.27470763506759704,1
1447,-0.3790566297569079,-0.22895359446428248,1
1448,-0.6142589946734567,-0.14850361835491196,0
1449,-0.1616982550400446,-0.19587334000461828,1
1450,-0.9439180980822108,-0.8349665280993123,0
1451,-0.7719784602075745,-0.5828463919105175,0
1452,0.8580048787487631,-1.1365222918574485,0
1453,0.1827324118304044,-0.03384187983006132,1
1454,0.10658850597845937,-0.7066941475820722,1
1455,0.11664267977220627,0.09706939543270338,1
1456,-0.04418353670177402,-0.40217900430787185,1
1457,0.37331134965746066,1.131153811218887,0
1458,0.027674676643252988,0.017376470333472824,1
1459,-0.29619112854240304,0.5079295352694456,1
1460,0.16854292242178773,-0.220102347430789,1
1461,-0.5430473854940504,-0.5266865571768855,0
1462,0.9140544240877132,0.060928049092228265,0
1463,0.43449857030019856,0.9692959381340457,0
1464,-0.3298090213775515,-0.2951668724353384,1
1465,-0.41796580957457785,-0.6290223116714747,1
1466,0.05722792098256295,-0.4341532703377491,1
1467,-0.29008731285638606,-0.08794300755754268,1
1468,0.4666496132702329,-0.4071419845882389,1
1469,-0.6465483241756713,-0.98441458944651,1
1470,-0.5192110462206855,0.38042713618013796,0
1471,0.33147060474107276,-0.23193509989560218,1
1472,-0.48040993150566147,0.2088032235949779,0
1473,0.9572933587516463,0.43596285538551155,0
1474,0.284331944149357,-0.18436386505899416,1
1475,0.1377699165775069,0.37889088078766986,1
1476,0.2106353859744478,-0.08173244176262187,1
1477,-0.24728825218332992,0.0642478377727313,1
1478,0.2616027598298222,0.09160353380073774,1
1479,0.9947609542470679,-0.5940466884162579,0
1480,0.18331135589241251,-0.0860811727174624,1
1481,0.7739771448200057,1.000411997800979,0
1482,-1.3154394107142222,-0.03455765898224031,0
1483,1.1931935332389456,-0.204343596114778,0
1484,-0.2798034241840283,-0.14519623076750326,1
1485,0.05821078163742899,-0.09589046483525807,1
1486,-0.3396419957125727,-0.05340648753407051,1
1487,1.5616599070789552,-0.5324896254350309,0
1488,-0.014375100777191424,-0.7745513619906492,0
1489,0.40394206414653805,-0.7073771301227655,0
1490,-1.219468115045855,-0.770597147967824,0
1491,0.5627592854377871,-0.4408328217900058,0
1492,-0.3685372849441859,-0.3855813391132067,1
1493,-1.4763225908542363,0.27587872861221574,0
1494,-0.553066141623913,0.3468823515001545,1
1495,-1.056677782974646,-0.7828375703184437,0
1496,-1.117566552532501,0.6153300749352066,0
1497,-0.6573468765417562,-1.0556181735996608,0
1498,-0.5865621307492199,-1.0221725363747307,0
1499,-0.29378466118669777,-0.4419702886267429,1
